days,bottle.id,substrate.mass.vs,isr.mean,cvCH4,vol.mi.mn,vol.mi.se,n,rsd.inoc,cvCH4.tot,cvCH4.inoc,fv.inoc,se.inoc,cvCH4.se,rrvCH4
0,cellulose 1,3.071,3.23382643214991,0,0,0,3,NA,0,0,NA,0,0,NA
1,cellulose 1,3.071,3.23382643214991,5.49750662046927,7.64256939185496,0.252868654924636,3,5.73081297027998,30.3809833930316,24.8834767725623,0.819047772438788,0.82331621457467,0,100
2,cellulose 1,3.071,3.23382643214991,60.0721735063397,14.8034890659318,0.482446860420485,3,5.64476705781101,108.270921523934,48.1987480175939,0.445167985449717,1.57080094791982,0,90.85
3,cellulose 1,3.071,3.23382643214991,170.693639374875,20.0522231813051,0.702849954889227,3,6.07100679539915,235.981764897428,65.2881255225521,0.276665976928049,2.28841239514577,0,64.81
4,cellulose 1,3.071,3.23382643214991,285.855052146725,24.5166519957687,0.93805668469444,3,6.6271766575257,365.678931943992,79.8238797972672,0.218289523470532,3.05422306663224,0,40.29
5,cellulose 1,3.071,3.23382643214991,322.386436122389,28.3682942052772,1.11710791843493,3,6.82059928688583,414.750895473787,92.3644593513984,0.222698637566259,3.63719680065269,0,11.33
6,cellulose 1,3.071,3.23382643214991,337.281359314911,31.6844337056356,1.2756295256178,3,6.97331431115975,440.442852491045,103.161493176134,0.234222198391177,4.15332802930572,0,4.416
7,cellulose 1,3.071,3.23382643214991,346.314879214113,34.6505710621336,1.40587977254852,3,7.0274605028038,459.133832627808,112.818953413696,0.245721280803872,4.57741040631039,0,2.608
8,cellulose 1,3.071,3.23382643214991,353.119433238851,37.4112008834876,1.48062801539635,3,6.85496025044274,474.926733962879,121.807300724028,0.256475982532389,4.82078355339314,0,1.927
9,cellulose 1,3.071,3.23382643214991,359.097063506865,39.5557101698676,1.54782800825087,3,6.77757203740181,487.886681862585,128.78961835572,0.263974449689926,5.03958031866607,0,1.665
10,cellulose 1,3.071,3.23382643214991,364.000634387036,41.6800608425374,1.61168809388208,3,6.69750861234024,499.706935851514,135.706301464478,0.27157177883319,5.24750266467597,0,1.347
11,cellulose 1,3.071,3.23382643214991,368.038218632027,43.7403488550718,1.67374891153678,3,6.62778928330077,510.452621295995,142.414402663968,0.278996319584745,5.44956676582014,0,1.097
12,cellulose 1,3.071,3.23382643214991,370.974142199559,45.6289376828545,1.70431032812791,3,6.46947360620045,519.537609899056,148.563467699496,0.28595324932946,5.54907182241699,0,0.7914
13,cellulose 1,3.071,3.23382643214991,373.701230251488,47.2516301968612,1.7453929438619,3,6.39789409454458,527.548029957668,153.846799706181,0.291626147705501,5.68283289960948,0,0.7298
0,cellulose 2,3.052,3.23382643214991,0,0,0,3,NA,0,0,NA,0,0,NA
1,cellulose 2,3.052,3.23382643214991,3.91513898733062,7.64256939185496,0.252868654924636,3,5.73081297027998,28.6041939711664,24.6890549838358,0.863127099778545,0.816883407270924,0,100
2,cellulose 2,3.052,3.23382643214991,53.5867549060071,14.8034890659318,0.482446860420485,3,5.64476705781101,101.408912188729,47.8221572827216,0.471577460506837,1.55852782657029,0,92.69
3,cellulose 2,3.052,3.23382643214991,163.990010422904,20.0522231813051,0.702849954889227,3,6.07100679539915,228.768020969856,64.7780105469514,0.283160252347888,2.27053236836034,0,67.32
4,cellulose 2,3.052,3.23382643214991,281.481327537994,24.5166519957687,0.93805668469444,3,6.6271766575257,360.681520314548,79.2001927765536,0.21958483680418,3.030359539955,0,41.74
5,cellulose 2,3.052,3.23382643214991,312.616712804186,28.3682942052772,1.11710791843493,3,6.82059928688583,404.259501965924,91.6427891617384,0.22669297497295,3.6087783318673,0,9.96
6,cellulose 2,3.052,3.23382643214991,323.725795547618,31.6844337056356,1.2756295256178,3,6.97331431115975,426.08125819135,102.355462643732,0.240225216847639,4.12087687820629,0,3.432
7,cellulose 2,3.052,3.23382643214991,330.035010708198,34.6505710621336,1.40587977254852,3,7.0274605028038,441.97247706422,111.937466356022,0.25326795708991,4.54164577715248,0,1.912
8,cellulose 2,3.052,3.23382643214991,333.829867048938,37.4112008834876,1.48062801539635,3,6.85496025044274,454.685452162516,120.855585113578,0.26580042211331,4.78311737956701,0,1.137
9,cellulose 2,3.052,3.23382643214991,337.747451594171,39.5557101698676,1.54782800825087,3,6.77757203740181,465.530799475754,127.783347881582,0.274489567662295,5.00020462253882,0,1.16
10,cellulose 2,3.052,3.23382643214991,341.271442244529,41.6800608425374,1.61168809388208,3,6.69750861234024,475.917431192661,134.645988948131,0.282918800874146,5.20650241122512,0,1.033
11,cellulose 2,3.052,3.23382643214991,343.888361502386,43.7403488550718,1.67374891153678,3,6.62778928330077,485.19003931848,141.301677816094,0.291229552062883,5.4069877272043,0,0.761
12,cellulose 2,3.052,3.23382643214991,345.749333023728,45.6289376828545,1.70431032812791,3,6.46947360620045,493.152031454784,147.402698431056,0.298899100133933,5.50571532206348,0,0.5382
13,cellulose 2,3.052,3.23382643214991,347.322484360967,47.2516301968612,1.7453929438619,3,6.39789409454458,499.967234600262,152.644750239295,0.305309507654715,5.63843128533852,0,0.4529
0,cellulose 3,3.052,3.23382643214991,0,0,0,3,NA,0,0,NA,0,0,NA
1,cellulose 3,3.052,3.23382643214991,3.40995440578366,7.64256939185496,0.252868654924636,3,5.73081297027998,27.9816513761468,24.5716969703631,0.878136055662158,0.813000398626855,0,100
2,cellulose 3,3.052,3.23382643214991,54.0761979985904,14.8034890659318,0.482446860420485,3,5.64476705781101,101.671035386632,47.5948373880414,0.46812582567935,1.5511194535164,0,93.69
3,cellulose 3,3.052,3.23382643214991,162.790720610196,20.0522231813051,0.702849954889227,3,6.07100679539915,227.260812581914,64.4700919717171,0.28368327666909,2.25973952236236,0,66.78
4,cellulose 3,3.052,3.23382643214991,277.729360766184,24.5166519957687,0.93805668469444,3,6.6271766575257,356.553079947575,78.8237191813919,0.221071485886425,3.01595489887214,0,41.39
5,cellulose 3,3.052,3.23382643214991,311.872777180406,28.3682942052772,1.11710791843493,3,6.82059928688583,403.07994757536,91.2071703949545,0.226275633267275,3.59162421007654,0,10.95
6,cellulose 3,3.052,3.23382643214991,324.441694194423,31.6844337056356,1.2756295256178,3,6.97331431115975,426.310615989515,101.868921795092,0.238954691659842,4.10128852520904,0,3.874
7,cellulose 3,3.052,3.23382643214991,331.418999457673,34.6505710621336,1.40587977254852,3,7.0274605028038,442.824377457405,111.405377999732,0.25157914439895,4.520057323214,0,2.105
8,cellulose 3,3.052,3.23382643214991,335.813259362374,37.4112008834876,1.48062801539635,3,6.85496025044274,456.094364351245,120.281104988871,0.263719779041692,4.76038110415103,0,1.309
9,cellulose 3,3.052,3.23382643214991,339.829305431924,39.5557101698676,1.54782800825087,3,6.77757203740181,467.005242463958,127.175937032034,0.272322289919153,4.97643643530596,0,1.182
10,cellulose 3,3.052,3.23382643214991,343.058263257454,41.6800608425374,1.61168809388208,3,6.69750861234024,477.064220183486,134.005956926032,0.280897102018029,5.18175359923041,0,0.9412
11,cellulose 3,3.052,3.23382643214991,345.7068199524,43.7403488550718,1.67374891153678,3,6.62778928330077,486.336828309305,140.630008356906,0.289161749986711,5.38128591970493,0,0.7661
12,cellulose 3,3.052,3.23382643214991,347.465730728002,45.6289376828545,1.70431032812791,3,6.46947360620045,494.167758846658,146.702028118656,0.296866854407994,5.47954421857788,0,0.5062
13,cellulose 3,3.052,3.23382643214991,348.670615062411,47.2516301968612,1.7453929438619,3,6.39789409454458,500.589777195282,151.919162132871,0.303480352683285,5.61162932409768,0,0.3456
0,sample 1.1,2.889,3.06096780801021,0,0,0,3,NA,0,0,NA,0,0,NA
1,sample 1.1,2.889,3.06096780801021,162.983677623249,7.64256939185496,0.252868654924636,3,5.73081297027998,186.396677050883,23.412999427634,0.125608459324855,0.774662730485214,0,100
2,sample 1.1,2.889,3.06096780801021,314.254934097228,14.8034890659318,0.482446860420485,3,5.64476705781101,359.605399792316,45.3504656950877,0.126111748381084,1.47797520542329,0,48.14
3,sample 1.1,2.889,3.06096780801021,364.530585497296,20.0522231813051,0.702849954889227,3,6.07100679539915,425.960539979232,61.4299544819357,0.1442151296102,2.15317974202129,0,13.79
4,sample 1.1,2.889,3.06096780801021,385.987078883352,24.5166519957687,0.93805668469444,3,6.6271766575257,461.093804084458,75.1067252011059,0.162888168385253,2.87373519241393,0,5.559
5,sample 1.1,2.889,3.06096780801021,396.825169835856,28.3682942052772,1.11710791843493,3,6.82059928688583,483.731394946348,86.9062251104925,0.179658020997648,3.42225836808192,0,2.731
6,sample 1.1,2.889,3.06096780801021,403.765523974821,31.6844337056356,1.2756295256178,3,6.97331431115975,500.830737279335,97.0652133045142,0.19380841885185,3.90788906476824,0,1.719
7,sample 1.1,2.889,3.06096780801021,412.366548042524,34.6505710621336,1.40587977254852,3,7.0274605028038,518.518518518519,106.151970475994,0.20472165734656,4.30691049335849,0,2.086
8,sample 1.1,2.889,3.06096780801021,420.627950631478,37.4112008834876,1.48062801539635,3,6.85496025044274,535.237106265144,114.609155633666,0.214127821655345,4.53590161889257,0,1.964
9,sample 1.1,2.889,3.06096780801021,423.854026858507,39.5557101698676,1.54782800825087,3,6.77757203740181,545.03288335064,121.178856492134,0.222333110888971,4.7417686923295,0,0.7611
10,sample 1.1,2.889,3.06096780801021,426.588034114347,41.6800608425374,1.61168809388208,3,6.69750861234024,554.274835583247,127.6868014689,0.230367307464968,4.93740396519015,0,0.6409
11,sample 1.1,2.889,3.06096780801021,428.514489683862,43.7403488550718,1.67374891153678,3,6.62778928330077,562.51298026999,133.998490586128,0.238214041784089,5.12752718340741,0,0.4496
12,sample 1.1,2.889,3.06096780801021,430.343892478918,45.6289376828545,1.70431032812791,3,6.46947360620045,570.128071997231,139.784179518313,0.245180313659405,5.22115203553087,0,0.4251
13,sample 1.1,2.889,3.06096780801021,432.503271470779,47.2516301968612,1.7453929438619,3,6.39789409454458,577.258566978193,144.755295507414,0.250763355951861,5.34700856484034,0,0.4993
0,sample 1.2,2.84,3.06096780801021,0,0,0,3,NA,0,0,NA,0,0,NA
1,sample 1.2,2.84,3.06096780801021,169.962280289139,7.64256939185496,0.252868654924636,3,5.73081297027998,193.943661971831,23.9813816826923,0.123651278102481,0.793468716921244,0,100
2,sample 1.2,2.84,3.06096780801021,319.041548106153,14.8034890659318,0.482446860420485,3,5.64476705781101,365.492957746479,46.451409640326,0.127092488803975,1.51385505425579,0,46.73
3,sample 1.2,2.84,3.06096780801021,365.705510779256,20.0522231813051,0.702849954889227,3,6.07100679539915,428.62676056338,62.9212497841243,0.146797296793652,2.2054510949976,0,12.76
4,sample 1.2,2.84,3.06096780801021,385.640379908596,24.5166519957687,0.93805668469444,3,6.6271766575257,462.570422535211,76.9300426266156,0.16630990413305,2.94349900435752,0,5.169
5,sample 1.2,2.84,3.06096780801021,396.512177644912,28.3682942052772,1.11710791843493,3,6.82059928688583,485.528169014085,89.0159913691723,0.183338469423779,3.50533832264541,0,2.742
6,sample 1.2,2.84,3.06096780801021,405.437552175849,31.6844337056356,1.2756295256178,3,6.97331431115975,504.859154929577,99.4216027537287,0.196929384726314,4.00275836188741,0,2.201
7,sample 1.2,2.84,3.06096780801021,417.327384771967,34.6505710621336,1.40587977254852,3,7.0274605028038,526.056338028169,108.728953256202,0.206686899094789,4.41146657580816,0,2.849
8,sample 1.2,2.84,3.06096780801021,421.481791404633,37.4112008834876,1.48062801539635,3,6.85496025044274,538.87323943662,117.391448031987,0.217846126771329,4.64601677089766,0,0.9857
9,sample 1.2,2.84,3.06096780801021,425.03429230533,39.5557101698676,1.54782800825087,3,6.77757203740181,549.154929577465,124.120637272135,0.226021165589166,4.85688154622255,0,0.8358
10,sample 1.2,2.84,3.06096780801021,428.262724351693,41.6800608425374,1.61168809388208,3,6.69750861234024,559.049295774648,130.786571422955,0.233944613491965,5.05726613016149,0,0.7538
11,sample 1.2,2.84,3.06096780801021,430.882317479325,43.7403488550718,1.67374891153678,3,6.62778928330077,568.133802816901,137.251485337576,0.24158302966143,5.25200484686895,0,0.608
12,sample 1.2,2.84,3.06096780801021,433.160398468392,45.6289376828545,1.70431032812791,3,6.46947360620045,576.338028169014,143.177629700622,0.248426483595898,5.34790256901677,0,0.5259
13,sample 1.2,2.84,3.06096780801021,435.35733430367,47.2516301968612,1.7453929438619,3,6.39789409454458,583.62676056338,148.26942625971,0.254048368372596,5.476814435946,0,0.5046
0,sample 1.3,2.961,3.06096780801021,0,0,0,3,NA,0,0,NA,0,0,NA
1,sample 1.3,2.961,3.06096780801021,162.218470329599,7.64256939185496,0.252868654924636,3,5.73081297027998,185.00506585613,22.7865955265303,0.123167413935845,0.753936989731005,0,100
2,sample 1.3,2.961,3.06096780801021,311.8236889502,14.8034890659318,0.482446860420485,3,5.64476705781101,355.96082404593,44.1371350957309,0.123994361497589,1.43843266678901,0,47.98
3,sample 1.3,2.961,3.06096780801021,354.465517266543,20.0522231813051,0.702849954889227,3,6.07100679539915,414.251941911516,59.7864246449729,0.144323824697346,2.09557242031317,0,12.03
4,sample 1.3,2.961,3.06096780801021,373.981409901891,24.5166519957687,0.93805668469444,3,6.6271766575257,447.078689631881,73.09727972999,0.163499807584605,2.79684974504394,0,5.218
5,sample 1.3,2.961,3.06096780801021,385.53035932297,28.3682942052772,1.11710791843493,3,6.82059928688583,470.111448834853,84.5810895118832,0.179917102043596,3.33069743848052,0,2.996
6,sample 1.3,2.961,3.06096780801021,397.932937099761,31.6844337056356,1.2756295256178,3,6.97331431115975,492.401215805471,94.4682787057097,0.191852245025793,3.80333531193459,0,3.117
7,sample 1.3,2.961,3.06096780801021,404.32063264984,34.6505710621336,1.40587977254852,3,7.0274605028038,507.632556568727,103.311923918887,0.203517135735363,4.19168110794451,0,1.58
8,sample 1.3,2.961,3.06096780801021,408.517949249133,37.4112008834876,1.48062801539635,3,6.85496025044274,520.060790273556,111.542841024424,0.214480389813182,4.41454568250864,0,1.027
9,sample 1.3,2.961,3.06096780801021,411.647827202794,39.5557101698676,1.54782800825087,3,6.77757203740181,529.584599797366,117.936772594572,0.222696756362813,4.6149048782254,0,0.7603
10,sample 1.3,2.961,3.06096780801021,414.398767923716,41.6800608425374,1.61168809388208,3,6.69750861234024,538.669368456603,124.270600532886,0.230699215158543,4.80530602042748,0,0.6638
11,sample 1.3,2.961,3.06096780801021,416.631493911855,43.7403488550718,1.67374891153678,3,6.62778928330077,547.044917257683,130.413423345828,0.238396188743671,4.99034258044232,0,0.5359
12,sample 1.3,2.961,3.06096780801021,418.531837839987,45.6289376828545,1.70431032812791,3,6.46947360620045,554.576156703816,136.04431886383,0.245312239300773,5.08146254322891,0,0.4541
13,sample 1.3,2.961,3.06096780801021,420.211789965351,47.2516301968612,1.7453929438619,3,6.39789409454458,561.094224924012,140.882434958661,0.251085163062836,5.20395183968202,0,0.3998
0,sample 2.1,3.196,2.98161993276572,0,0,0,3,NA,0,0,NA,0,0,NA
1,sample 2.1,3.196,2.98161993276572,152.240208567519,7.64256939185496,0.252868654924636,3,5.73081297027998,174.280350438048,22.0401418705282,0.126463722474341,0.729239179049955,0,100
2,sample 2.1,3.196,2.98161993276572,320.512734248589,14.8034890659318,0.482446860420485,3,5.64476705781101,363.204005006258,42.6912707576683,0.117540748915841,1.39131183551839,0,52.5
3,sample 2.1,3.196,2.98161993276572,380.751560577897,20.0522231813051,0.702849954889227,3,6.07100679539915,438.579474342929,57.8279137650316,0.131852759073297,2.02692470623326,0,15.82
4,sample 2.1,3.196,2.98161993276572,405.517549536681,24.5166519957687,0.93805668469444,3,6.6271766575257,476.22027534418,70.7027258074995,0.148466433430203,2.70522926953035,0,6.107
5,sample 2.1,3.196,2.98161993276572,418.127078049687,28.3682942052772,1.11710791843493,3,6.82059928688583,499.937421777221,81.8103437275349,0.163641168202029,3.22158893751574,0,3.016
6,sample 2.1,3.196,2.98161993276572,428.901700297607,31.6844337056356,1.2756295256178,3,6.97331431115975,520.275344180225,91.3736438826183,0.175625550787135,3.67874392463016,0,2.512
7,sample 2.1,3.196,2.98161993276572,441.436620311361,34.6505710621336,1.40587977254852,3,7.0274605028038,541.364205256571,99.9275849452094,0.184584765625297,4.05436811249606,0,2.84
8,sample 2.1,3.196,2.98161993276572,446.992231450639,37.4112008834876,1.48062801539635,3,6.85496025044274,554.881101376721,107.888869926082,0.194436014595556,4.26993198800302,0,1.243
9,sample 2.1,3.196,2.98161993276572,451.539920404324,39.5557101698676,1.54782800825087,3,6.77757203740181,565.613266583229,114.073346178905,0.201680817828059,4.46372772609478,0,1.007
10,sample 2.1,3.196,2.98161993276572,455.582540082739,41.6800608425374,1.61168809388208,3,6.69750861234024,575.782227784731,120.199687701992,0.208758940275822,4.64789162111625,0,0.8874
11,sample 2.1,3.196,2.98161993276572,458.714788955167,43.7403488550718,1.67374891153678,3,6.62778928330077,584.85607008761,126.141281132443,0.215679186015026,4.82686666937272,0,0.6828
12,sample 2.1,3.196,2.98161993276572,461.215787165452,45.6289376828545,1.70431032812791,3,6.46947360620045,592.803504380475,131.587717215023,0.221975268773997,4.91500168299139,0,0.5423
13,sample 2.1,3.196,2.98161993276572,463.951679676515,47.2516301968612,1.7453929438619,3,6.39789409454458,600.219023779725,136.267344103209,0.227029365455798,5.0334784193825,0,0.5897
0,sample 2.2,3.074,2.98161993276572,0,0,0,3,NA,0,0,NA,0,0,NA
1,sample 2.2,3.074,2.98161993276572,169.717197906187,7.64256939185496,0.252868654924636,3,5.73081297027998,193.201040988939,23.4838430827525,0.121551327894226,0.777006724875222,0,100
2,sample 2.2,3.074,2.98161993276572,330.309318857615,14.8034890659318,0.482446860420485,3,5.64476705781101,375.797007156799,45.4876882991841,0.121043242582836,1.48244730076718,0,48.62
3,sample 2.2,3.074,2.98161993276572,379.958664954717,20.0522231813051,0.702849954889227,3,6.07100679539915,441.574495770982,61.615830816265,0.139536661212022,2.15969488859716,0,13.07
4,sample 2.2,3.074,2.98161993276572,403.846236150533,24.5166519957687,0.93805668469444,3,6.6271766575257,479.18022121015,75.3339850596162,0.157214304190944,2.88243061418176,0,5.915
5,sample 2.2,3.074,2.98161993276572,418.849029107498,28.3682942052772,1.11710791843493,3,6.82059928688583,506.018217306441,87.1691881989429,0.172264920940887,3.43261352536556,0,3.582
6,sample 2.2,3.074,2.98161993276572,432.732170811792,31.6844337056356,1.2756295256178,3,6.97331431115975,530.091086532206,97.3589157204136,0.18366450256186,3.91971365588915,0,3.208
7,sample 2.2,3.074,2.98161993276572,442.290657799182,34.6505710621336,1.40587977254852,3,7.0274605028038,548.763825634353,106.47316783517,0.194023663480535,4.31994245376838,0,2.161
8,sample 2.2,3.074,2.98161993276572,447.828702452196,37.4112008834876,1.48062801539635,3,6.85496025044274,562.784645413142,114.955942960947,0.204262756451994,4.54962646653259,0,1.237
9,sample 2.2,3.074,2.98161993276572,452.33216121057,39.5557101698676,1.54782800825087,3,6.77757203740181,573.87768379961,121.545522589039,0.211796914255828,4.75611645784879,0,0.9956
10,sample 2.2,3.074,2.98161993276572,456.344537339074,41.6800608425374,1.61168809388208,3,6.69750861234024,584.417696811971,128.073159472897,0.219146614093897,4.95234368894369,0,0.8792
11,sample 2.2,3.074,2.98161993276572,459.252526988772,43.7403488550718,1.67374891153678,3,6.62778928330077,593.656473649967,134.403946661195,0.226400203866795,5.14304218687865,0,0.6332
12,sample 2.2,3.074,2.98161993276572,461.451934042738,45.6289376828545,1.70431032812791,3,6.46947360620045,601.659076122316,140.207142079578,0.233034201001689,5.23695033148477,0,0.4766
13,sample 2.2,3.074,2.98161993276572,463.687637090905,47.2516301968612,1.7453929438619,3,6.39789409454458,608.880936890046,145.193299799141,0.238459263547876,5.36318768071372,0,0.4822
0,sample 2.3,3.089,2.98161993276572,0,0,0,3,NA,0,0,NA,0,0,NA
1,sample 2.3,3.089,2.98161993276572,162.335468453186,7.64256939185496,0.252868654924636,3,5.73081297027998,185.173195208805,22.8377267556191,0.123331709699489,0.75562876175968,0,100
2,sample 2.3,3.089,2.98161993276572,320.477324350874,14.8034890659318,0.482446860420485,3,5.64476705781101,364.713499514406,44.2361751635321,0.121290205112862,1.44166039030431,0,49.35
3,sample 2.3,3.089,2.98161993276572,364.844715792725,20.0522231813051,0.702849954889227,3,6.07100679539915,424.765296212366,59.9205804196418,0.141067504699545,2.1002747108932,0,12.16
4,sample 2.3,3.089,2.98161993276572,385.819304652524,24.5166519957687,0.93805668469444,3,6.6271766575257,459.080608611201,73.2613039586773,0.159582658436185,2.8031256437351,0,5.436
5,sample 2.3,3.089,2.98161993276572,399.884345772628,28.3682942052772,1.11710791843493,3,6.82059928688583,484.6552282292,84.7708824565723,0.174909662619967,3.33817124708674,0,3.517
6,sample 2.3,3.089,2.98161993276572,414.02806216229,31.6844337056356,1.2756295256178,3,6.97331431115975,508.70831984461,94.6802576823194,0.186118948695867,3.81186968070021,0,3.416
7,sample 2.3,3.089,2.98161993276572,420.638836058973,34.6505710621336,1.40587977254852,3,7.0274605028038,524.182583360311,103.543747301338,0.197533742226923,4.20108689244392,0,1.572
8,sample 2.3,3.089,2.98161993276572,425.403369821189,37.4112008834876,1.48062801539635,3,6.85496025044274,537.196503722888,111.793133901699,0.208104731000572,4.42445155661576,0,1.12
9,sample 2.3,3.089,2.98161993276572,429.127819837813,39.5557101698676,1.54782800825087,3,6.77757203740181,547.329232761412,118.201412923598,0.215960350458979,4.62526034173803,0,0.8679
10,sample 2.3,3.089,2.98161993276572,432.232676693101,41.6800608425374,1.61168809388208,3,6.69750861234024,556.782130139204,124.549453446103,0.22369513442352,4.81608872830004,0,0.7183
11,sample 2.3,3.089,2.98161993276572,434.784389740227,43.7403488550718,1.67374891153678,3,6.62778928330077,565.490449983814,130.706060243587,0.231137520089558,5.00154049499764,0,0.5869
12,sample 2.3,3.089,2.98161993276572,436.586634291866,45.6289376828545,1.70431032812791,3,6.46947360620045,572.936225315636,136.34959102377,0.237983888954924,5.09286492341782,0,0.4128
13,sample 2.3,3.089,2.98161993276572,438.471232600944,47.2516301968612,1.7453929438619,3,6.39789409454458,579.669796050502,141.198563449557,0.243584475871598,5.21562907568563,0,0.4298
0,sample 3.2,2.989,2.91103830543243,0,0,0,3,NA,0,0,NA,0,0,NA
1,sample 3.2,2.989,2.91103830543243,150.524152576661,7.64256939185496,0.252868654924636,3,5.73081297027998,173.536299765808,23.0121471891469,0.132607109983343,0.761399786941935,0,100
2,sample 3.2,2.989,2.91103830543243,295.974654775134,14.8034890659318,0.482446860420485,3,5.64476705781101,340.548678487789,44.5740237126542,0.130888846524338,1.45267090080596,0,49.14
3,sample 3.2,2.989,2.91103830543243,346.714456378353,20.0522231813051,0.702849954889227,3,6.07100679539915,407.092673134828,60.3782167564745,0.148315655724114,2.11631531027165,0,14.63
4,sample 3.2,2.989,2.91103830543243,373.753611120252,24.5166519957687,0.93805668469444,3,6.6271766575257,447.57443961191,73.8208284916581,0.164935308986071,2.82453418387768,0,7.234
5,sample 3.2,2.989,2.91103830543243,392.065798365154,28.3682942052772,1.11710791843493,3,6.82059928688583,477.484108397457,85.4183100323036,0.178892466848764,3.3636661346619,0,4.671
6,sample 3.2,2.989,2.91103830543243,408.444073677775,31.6844337056356,1.2756295256178,3,6.97331431115975,503.847440615591,95.4033669378151,0.189349710343379,3.84098238396413,0,4.01
7,sample 3.2,2.989,2.91103830543243,417.278029048877,34.6505710621336,1.40587977254852,3,7.0274605028038,521.612579458013,104.334550409136,0.2000230717548,4.23317219606931,0,2.117
8,sample 3.2,2.989,2.91103830543243,422.749512940713,37.4112008834876,1.48062801539635,3,6.85496025044274,535.396453663433,112.64694072272,0.210399116303324,4.4582427814117,0,1.294
9,sample 3.2,2.989,2.91103830543243,426.697109111458,39.5557101698676,1.54782800825087,3,6.77757203740181,545.801271328203,119.104162216746,0.218218916798978,4.66058521984947,0,0.9252
10,sample 3.2,2.989,2.91103830543243,430.002827733591,41.6800608425374,1.61168809388208,3,6.69750861234024,555.503512880562,125.500685146971,0.225922396955129,4.8528710356149,0,0.7688
11,sample 3.2,2.989,2.91103830543243,432.363937951148,43.7403488550718,1.67374891153678,3,6.62778928330077,564.06825025092,131.704312299772,0.233490029338089,5.03973916821845,0,0.5461
12,sample 3.2,2.989,2.91103830543243,434.037626550621,45.6289376828545,1.70431032812791,3,6.46947360620045,571.428571428571,137.390944877951,0.240434153536414,5.13176107614555,0,0.3856
13,sample 3.2,2.989,2.91103830543243,435.675541716,47.2516301968612,1.7453929438619,3,6.39789409454458,577.952492472399,142.276950756399,0.246174127821057,5.25546282508791,0,0.3759
0,sample 3.3,3.222,2.91103830543243,0,0,0,3,NA,0,0,NA,0,0,NA
1,sample 3.3,3.222,2.91103830543243,139.538566087487,7.64256939185496,0.252868654924636,3,5.73081297027998,160.893854748603,21.3552886611159,0.132729051053463,0.706579533974377,0,100
2,sample 3.3,3.222,2.91103830543243,291.720315215829,14.8034890659318,0.482446860420485,3,5.64476705781101,333.08504034761,41.3647251317813,0.124186679439619,1.34807961036097,0,52.17
3,sample 3.3,3.222,2.91103830543243,357.438867162825,20.0522231813051,0.702849954889227,3,6.07100679539915,413.469894475481,56.0310273126555,0.135514164540892,1.96394208577395,0,18.39
4,sample 3.3,3.222,2.91103830543243,385.653127120861,24.5166519957687,0.93805668469444,3,6.6271766575257,454.158907510863,68.5057803900015,0.150840992562417,2.6211696950359,0,7.316
5,sample 3.3,3.222,2.91103830543243,398.72678278194,28.3682942052772,1.11710791843493,3,6.82059928688583,477.995034140285,79.2682513583454,0.165834884667612,3.1214845218443,0,3.279
6,sample 3.3,3.222,2.91103830543243,408.796459264162,31.6844337056356,1.2756295256178,3,6.97331431115975,497.330850403476,88.5343911393143,0.178019101504537,3.56443433451097,0,2.463
7,sample 3.3,3.222,2.91103830543243,421.178705827503,34.6505710621336,1.40587977254852,3,7.0274605028038,518.001241464929,96.8225356374254,0.186915643992681,3.92838675401422,0,2.94
8,sample 3.3,3.222,2.91103830543243,426.251890576624,37.4112008834876,1.48062801539635,3,6.85496025044274,530.788330229671,104.536439653047,0.196945625401777,4.13725241438075,0,1.19
9,sample 3.3,3.222,2.91103830543243,429.880937717805,39.5557101698676,1.54782800825087,3,6.77757203740181,540.409683426443,110.528745708639,0.204527692782698,4.32502633854853,0,0.8442
10,sample 3.3,3.222,2.91103830543243,433.131800443563,41.6800608425374,1.61168809388208,3,6.69750861234024,549.5965238982,116.464723454637,0.211909497950554,4.50346770985375,0,0.7505
11,sample 3.3,3.222,2.91103830543243,435.816791628303,43.7403488550718,1.67374891153678,3,6.62778928330077,558.038485412787,122.221693784484,0.219020187638269,4.67688146740152,0,0.6161
12,sample 3.3,3.222,2.91103830543243,438.081492066067,45.6289376828545,1.70431032812791,3,6.46947360620045,565.580384854128,127.49889278806,0.225430188532695,4.7622778622176,0,0.517
13,sample 3.3,3.222,2.91103830543243,440.437405552744,47.2516301968612,1.7453929438619,3,6.39789409454458,572.470515207945,132.033109655201,0.230637397294149,4.87707317161814,0,0.5349
0,sample3.1,3.084,2.91103830543243,0,0,0,3,NA,0,0,NA,0,0,NA
1,sample3.1,3.084,2.91103830543243,141.437228667402,7.64256939185496,0.252868654924636,3,5.73081297027998,163.813229571984,22.3760009045828,0.136594589845078,0.740351701270059,0,100
2,sample3.1,3.084,2.91103830543243,291.515505814769,14.8034890659318,0.482446860420485,3,5.64476705781101,334.857328145266,43.3418223304968,0.129433698138135,1.41251336189199,0,51.48
3,sample3.1,3.084,2.91103830543243,350.369992728087,20.0522231813051,0.702849954889227,3,6.07100679539915,409.079118028534,58.7091253004477,0.143515331663428,2.05781202891639,0,16.8
4,sample3.1,3.084,2.91103830543243,378.73867638423,24.5166519957687,0.93805668469444,3,6.6271766575257,450.518806744488,71.7801303602574,0.159327711264599,2.74645294652381,0,7.49
5,sample3.1,3.084,2.91103830543243,395.736762435699,28.3682942052772,1.11710791843493,3,6.82059928688583,478.793774319066,83.0570118833669,0.1734713698011,3.2706811690917,0,4.295
6,sample3.1,3.084,2.91103830543243,411.22228431626,31.6844337056356,1.2756295256178,3,6.97331431115975,503.988326848249,92.7660425319892,0.184063871304545,3.73480251936692,0,3.766
7,sample3.1,3.084,2.91103830543243,419.464063932783,34.6505710621336,1.40587977254852,3,7.0274605028038,520.91439688716,101.450332954377,0.194754327314844,4.11615066208054,0,1.965
8,sample3.1,3.084,2.91103830543243,426.524132645481,37.4112008834876,1.48062801539635,3,6.85496025044274,536.057068741894,109.532936096413,0.204330737310269,4.33499941095311,0,1.655
9,sample3.1,3.084,2.91103830543243,431.39975916456,39.5557101698676,1.54782800825087,3,6.77757203740181,547.211413748379,115.811654583819,0.211639691121413,4.53174830832042,0,1.13
10,sample3.1,3.084,2.91103830543243,435.296792811355,41.6800608425374,1.61168809388208,3,6.69750861234024,557.328145265888,122.031352454534,0.218957814155098,4.71871858763165,0,0.8953
11,sample3.1,3.084,2.91103830543243,438.441052612996,43.7403488550718,1.67374891153678,3,6.62778928330077,566.504539559014,128.063486946018,0.226059065732654,4.90042094985827,0,0.7171
12,sample3.1,3.084,2.91103830543243,441.115252579301,45.6289376828545,1.70431032812791,3,6.46947360620045,574.708171206226,133.592918626925,0.232453487387405,4.98989901021021,0,0.6062
13,sample3.1,3.084,2.91103830543243,443.400631598368,47.2516301968612,1.7453929438619,3,6.39789409454458,581.74448767834,138.343856079972,0.237808623906489,5.11018115613435,0,0.5154
